"","Sys.time..","name..","input.Rec_no","gender1..","Confidence","Fluency","Energetic","Clarity","oi_pred"
"1",2018-04-05 23:46:16,"",1,"Male",7.092359651829,6.69527304028156,6.27531631011458,6.4600944419745,6.81795956675148
