"","Confidence","Fluency","Energetic","Clarity"
"1",7.28079446479556,7.63415874675153,5.85552763708382,6.76657247803254
