duration,energy,power,min_pitch,max_pitch,mean_pitch,pitch_sd,pitch_abs,pitch_quant,pitchUvsVRatio,Time:8,iDifference,diffPitchMaxMin,diffPitchMaxMean,diffPitchMaxMode,intensityMin,intensityMax,intensityMean,intensitySD,intensityQuant,diffIntMaxMin,diffIntMaxMean,diffIntMaxMode,avgVal1,avgVal2,avgVal3,avgBand1,avgBand2,avgBand3,fmean1,fmean2,fmean3,f2meanf1,f3meanf1,f1STD,f2STD,f3STD,f2STDf1,f3STDf1,jitter,shimmer,jitterRap,meanPeriod,percentUnvoiced
15.62097917,0.000905552,5.80E-05,78.97259519,250.5216651,124.4083675,24.92907108,146.5985228,115.2092051,1.344360902,15.59486458,65.37184539,171.5490699,126.1132976,135.3124599,36.48374906,65.893017,51.62891274,6.55867929,47.0450649,29.40926794,14.26410426,18.8479521,695.3923677,1851.22673,2890.907002,506.4979639,643.9159523,648.7954361,695.3923677,1851.22673,2890.907002,2.662132655,4.157231423,322.1387364,414.8702931,387.3960734,1.287862173,1.202575256,0.01829,0.1689,0.00904,0.008044671,0.47338
